1510.7,-558.03,1056.3
1510.8,-600,1044.5
1510.8,-575.89,1041.9
1510.8,-580.43,1043.6
1510.9,-563.86,1044.5
1510.9,-563.93,1032.5
1510.9,-549.74,1028.4
1511,-547.75,1034.1
1511,-504.68,1039.2
1511,-490.54,1013.6
1511.2,-405.28,1003.4
1511.2,-405.84,1000.4
1511.3,-410.98,989.31
1511.3,-438.08,995.47
1511.4,-411.44,1015
1511.4,-410.79,1009.9
1511.4,-414.26,1013.1
1511.5,-414.88,1017.5
1511.5,-398.29,1013.8
1511.5,-415.23,1012.7
1511.6,-411.3,1015
1511.6,-370.37,1014.1
1511.6,-329.81,1001
1511.7,-290.28,995.79
1511.7,-286.24,995.21
1511.7,-280.96,997.84
1511.8,-278.07,996.04
1511.8,-271.08,994.59
1511.8,-268.55,992.26
1511.9,-278.34,995.86
1511.9,-275.45,991.78
1511.9,-262.29,992.29
1512,-229.97,991.81
1512,-249.31,995.77
1512,-248.48,996.57
1512.1,-235.29,995.87
1512.1,-232.86,1003.3
1512.1,-216.77,991.12
1512.2,-190.41,1000.3
1512.2,-158.22,986.75
1512.2,-110.4,984.78
1512.3,-103.87,978.41
1512.3,-98.218,986.16
1512.3,-78.493,981.04
1512.4,-53.117,980.18
1512.4,-51.74,983.82
1512.4,-36.218,973.69
1512.5,-32.665,973.51
1512.5,-30.55,970.77
1512.5,-38.236,976.34
1512.6,-43.465,1008.5
1512.6,-38.071,985.68
1512.6,-46.185,998.33
1512.7,-35.239,1008.9
1512.7,-26.582,998.81
1512.7,-27.004,998.44
1512.8,-24.458,994.9
1512.8,0.62684,990.72
1512.8,2.9257,981.53
1512.9,11.591,982.57
1512.9,55.888,985.06
1512.9,57.757,985.65
1513,87.214,987.71
1513,71.624,982.2
1513,77.003,984.21
1513.1,103.38,980.86
1513.1,82.969,981.91
1513.1,87.196,979.74
1513.2,86.363,987.69
1513.2,100.93,990.09
1513.2,107.35,990.91
1513.3,123.45,998.04
1513.3,131.8,1001.7
1513.3,147.45,1000.5
1513.4,151.45,1002.6
1513.4,148.47,1003.9
1513.4,174.49,1015.6
1513.5,153.11,1009.9
1513.5,160.67,1015.4
1513.5,249.57,994.98
1513.6,251.6,973.21
1513.6,299.66,990.53
1513.6,319.65,991.49
1513.7,323.21,1008.8
1513.7,294.22,995.02
1513.7,336.64,992.04
1513.8,304.39,985.47
1513.8,275.45,992.64
1513.8,320.26,994.35
1513.9,337.34,998.75
1513.9,309.28,992.12
1513.9,320.38,1010.7
1514,342.21,1046.9
1514,352.67,1021.8
1514,354.95,1021.2
1514.1,342.36,1017.2
1514.1,370.99,1014.2
1514.1,405.06,1042.3
1514.2,420.46,1037
1514.2,428.1,1056.2
1514.2,446.7,1057.7
1514.3,443.05,1076
1514.3,449.09,1064.4
1514.3,444.87,1054.4
1514.4,442.61,1052.3
1514.4,442.26,1058.7
1514.4,443.29,1056.1
1514.5,445.61,1063.8
1514.5,456.92,1086.6
1514.5,466.02,1062.6
1514.6,466.55,1082.2
1514.6,479.04,1087.3
1514.6,486.35,1113.8
1514.7,506.16,1110
1514.7,502.48,1108.1
1514.8,535.31,1125.1
1514.8,538.47,1110.3
1514.8,557.55,1104.6
1514.9,534.7,1122.8
1514.9,541,1106.3
1514.9,557.46,1138.4
1515,565.62,1126.4
1515,577.85,1115.8
1515,581.24,1117.7
1515.1,569.38,1151.1
1515.1,558.75,1163.3
1515.1,554.27,1160.8
1515.2,548.49,1168.7
1515.2,554.6,1172.3
1515.2,552.83,1196.8
1515.3,564.75,1181.9
1515.3,574.26,1195
1515.3,579.51,1198.4
1515.4,577.98,1188
1515.4,599.89,1160.6
1515.4,616.79,1185.6
1515.5,628.39,1201.7
1515.5,630.77,1219.2
1515.5,634.59,1239.2
1515.6,662.9,1233
1515.6,680.2,1232.8
1515.6,677.91,1209
1515.7,698.69,1213.6
1515.7,695.29,1221.6
1515.7,697.48,1223.3
1515.8,689.86,1241.5
1515.8,697.24,1248.9
1515.8,699.84,1253.5
1515.9,697.46,1254.3
1515.9,686.45,1255
1515.9,692.97,1254.2
1516,697.91,1251.8
1516,689.12,1254.6
1516,681.33,1249.7
1516.1,694.59,1251.6
1516.1,655.27,1252.5
1516.1,656.71,1233.9
1516.2,653.35,1251.4
1516.2,672.52,1259.2
1516.2,658.64,1251.6
1516.3,652.16,1264.2
1516.3,658.81,1262
1516.3,652.39,1261
1516.4,654.61,1247.1
1516.4,654.23,1249
1516.4,644.84,1252.9
1516.5,650.98,1255.2
1516.5,657.46,1266.3
1516.5,664.26,1267.1
1516.6,713.71,1261.8
1516.6,712.63,1252
1516.6,713.36,1258.9
1516.7,717.19,1258.3
1516.7,714.66,1263.3
1516.7,712.65,1267.7
1516.8,699.21,1271.8
1516.8,697,1279.8
1516.8,704.07,1275.2
1516.9,669.98,1261.1
1516.9,715.89,1254.3
1516.9,666.73,1270.2
1517,695.85,1306.2
1517,722.9,1294.3
1517,711.33,1300.6
1517.1,694.7,1280.5
1517.1,679.57,1254.4
1517.1,676.12,1255.6
1517.2,662.04,1252.7
1517.2,665.24,1269.3
1517.2,674.98,1253.6
1517.3,677.96,1261
1517.3,666.34,1268.9
1517.3,664.23,1273.6
1517.4,669.27,1279.5
1517.4,677.02,1286.5
1517.4,690.32,1289.4
1517.5,750.63,1313.3
1517.5,761.87,1319.8
1517.5,769.96,1322.8
1517.6,740.73,1317.8
1517.6,781.12,1337.9
1517.6,745.98,1322.6
1517.7,781.28,1343.5
1517.7,754.07,1339.9
1517.7,754,1348.8
1517.8,743.97,1348
1517.8,743.81,1345.9
1517.8,746.36,1349.4
1517.9,746.17,1359.2
1517.9,752.98,1364.7
1517.9,795.88,1377.2
1518,791.77,1373.5
1518,790.36,1374.9
1518,753.02,1364.5
1518.1,791.83,1374.9
1518.1,774.2,1372.5
1518.1,786.63,1378.1
1518.2,800.26,1383.2
1518.2,813.8,1393.6
1518.2,790.87,1396.2
1518.3,793.73,1395.6
1518.3,775.74,1400.2
1518.3,794.64,1416.8
1518.4,774.87,1417.6
1518.4,784.65,1423.2
1518.4,821.02,1439.4
1518.5,828.62,1443.3
1518.5,827.83,1449.4
1518.5,833.34,1455.1
1518.6,841.64,1447.2
1518.6,846.7,1459
1518.6,844,1464.1
1518.7,855.86,1469.1
1518.7,849.26,1459.3
1518.7,861.34,1466.3
1518.8,862.22,1472.8
1518.8,861.35,1475.8
1518.8,873.4,1485.6
1518.9,874.28,1489.5
1518.9,878.43,1497.9
1518.9,879.07,1504.2
1519,872.29,1496.1
1519,882.9,1504.7
1519,888.19,1511.3
1519.1,892.7,1518.2
1519.1,902.84,1514.3
1519.1,898.24,1519.1
1519.2,895.86,1521.4
1519.2,904.06,1523
1519.2,906.15,1520.5
1519.3,904.3,1523.6
1519.3,918.99,1535
1519.3,910.6,1538.3
1519.4,909.39,1538.9
1519.4,932.07,1544.5
1519.4,946.09,1549.5
1519.5,962.98,1552.8
1519.5,969.3,1558
1519.5,976.12,1566
1519.6,983.58,1568.4
1519.6,980.17,1568.9
1519.6,999.77,1570.2
1519.7,1020.7,1574.8
1519.7,1009.1,1579.9
1519.7,1005.1,1589.1
1519.8,998.16,1593.5
1519.8,1009.3,1594
1519.8,1010.9,1595.8
1519.9,1012.9,1597.8
1519.9,1018.2,1599.8
1519.9,1028.5,1596.9
1520,1034,1599
1520,1034.9,1601.9
1520,1034,1604.3
1520.1,1043.1,1605.2
1520.1,1048.6,1605.6
1520.1,1051.6,1612.3
1520.2,1041.8,1616.7
1520.2,1046.9,1619.1
1520.2,1049.6,1631.5
1520.3,1057,1633
1520.3,1070.4,1635.7
1520.3,1077.2,1636.7
1520.4,1090.7,1639.2
1520.4,1099.1,1646.7
1520.4,1101.6,1651.8
1520.5,1107,1655.5
1520.5,1125.7,1655.7
1520.5,1125.7,1654.8
1520.6,1132.7,1663.4
1520.6,1136.6,1670.1
1520.6,1133.4,1674.2
1520.7,1146.1,1672
1520.7,1147.4,1674.9
1520.7,1151.1,1678.5
1520.8,1151.1,1675.2
1520.8,1155.7,1676.2
1520.8,1156.2,1674.9
1520.9,1155.4,1675.7
1520.9,1162.7,1678.4
1520.9,1164.8,1679.7
1521,1167.3,1684.2
1521,1173.5,1691.6
1521,1153.3,1697.6
1521.1,1161,1708.5
1521.1,1156.2,1717.7
1521.1,1185.9,1717.2
1521.2,1192.5,1724.4
1521.2,1200.2,1725.6
1521.2,1213.3,1728.5
1521.3,1217.8,1731.1
1521.3,1226.6,1735.3
1521.3,1233.6,1734.1
1521.4,1227,1736.2
1521.4,1246.8,1743.6
1521.4,1251.1,1740.4
1521.5,1248.1,1745.7
1521.5,1243.2,1755.2
1521.5,1267,1746.5
1521.6,1263.9,1759
1521.6,1258.6,1758.9
1521.6,1269.6,1755.5
1521.7,1256.5,1771.8
1521.7,1280.4,1753.6
1521.7,1268.9,1768.5
1521.8,1280,1761.3
1521.8,1275.9,1765.2
1521.8,1284.5,1755.3
1521.9,1276.3,1773.8
1521.9,1281.3,1773.2
1521.9,1286.6,1773.9
1522,1288,1773.8
1522,1294.6,1779.5
1522,1293.5,1785.5
1522.1,1300,1780.6
1522.1,1317.2,1786.4
1522.1,1315.7,1785
1522.2,1303,1811.5
1522.2,1318,1811.5
1522.2,1322.3,1810.6
1522.3,1329.6,1808.1
1522.3,1339.7,1818.2
1522.3,1349.1,1800.3
1522.4,1357.6,1805.3
1522.4,1358.4,1807.8
1522.4,1369,1812.9
1522.5,1365,1813
1522.5,1372,1816.8
1522.5,1378.1,1818.3
1522.6,1379.2,1824.3
1522.6,1381.2,1825.5
1522.6,1384.3,1824.6
1522.7,1383.4,1826.3
1522.7,1383.2,1827.4
1522.7,1387,1826.4
1522.8,1394,1825.8
1522.8,1394,1827.6
1522.8,1393.8,1829.6
1522.9,1396,1833.7
1522.9,1410.4,1866.3
1522.9,1403.9,1857.6
1523,1397,1837.2
1523,1394.5,1830.4
1523,1404.4,1851.5
1523.1,1402.6,1832.2
1523.1,1399.7,1838.7
1523.1,1396.2,1846.1
1523.2,1401.6,1848.7
1523.2,1405.2,1847.5
1523.2,1412.9,1844.3
1523.3,1412.5,1845.6
1523.3,1418.5,1846.2
1523.3,1438.7,1844.7
1523.4,1434.7,1844.7
1523.4,1452.8,1838.7
1523.4,1456.2,1847.6
1523.5,1469.3,1854.6
1523.5,1471,1856.9
1523.5,1474.4,1856.6
1523.6,1474.7,1860.4
1523.6,1477,1859.3
1523.6,1474.7,1856.2
1523.7,1479.3,1857.4
1523.7,1477.3,1856.1
1523.7,1480.2,1856.7
1523.8,1478.6,1855.4
1523.8,1482,1855.8
1523.8,1479.9,1855.4
1523.9,1481.4,1855.1
1523.9,1481.3,1855.6
1523.9,1479.1,1857.5
1524,1480.1,1855.2
1524,1479.1,1858.1
1524,1482.9,1856.7
1524.1,1480.6,1857.2
1524.1,1482.5,1858.4
1524.1,1483.6,1857.1
1524.2,1480.5,1858.4
1524.2,1483.6,1856.6
1524.2,1483.2,1858.5
1524.3,1486,1859
1524.3,1486.4,1857.1
1524.3,1488.4,1855.2
1524.4,1488,1856.9
1524.4,1490.8,1856.9
1524.4,1490.9,1858.2
1524.5,1490.9,1856.6
1524.5,1489.6,1857.5
1524.5,1490.6,1857.9
1524.6,1491.9,1857.2
1524.6,1492.3,1856.8
1524.6,1492,1857.6
1524.7,1495.4,1857.2
1524.7,1496.3,1857.1
1524.7,1488.2,1864.5
1524.8,1497.3,1857.8
1524.8,1496.8,1856.9
1524.8,1495.8,1856.3
1524.9,1496.8,1857
1524.9,1497.5,1854.9
1524.9,1496.8,1855.2
1525,1498.1,1855.8
1525,1497,1856.2
1525,1497.1,1855.1
1525.1,1497,1855.9
1525.1,1496.2,1856.9
1525.1,1496.4,1857.2
1525.2,1497.4,1857.7
1525.2,1497.1,1858
1525.2,1497.3,1857.3
1525.3,1497.6,1858
1525.3,1499.1,1857.6
1525.3,1499.7,1857.5
1525.4,1500.2,1858.2
1525.4,1500.3,1858.4
1525.4,1498.4,1856.6
1525.5,1498.8,1856.7
1525.5,1499.6,1857.8
1525.5,1499.4,1857.6
1525.6,1498.4,1857.2
1525.6,1498.3,1856.6
1525.6,1498,1856.4
1525.7,1497.6,1855.9
1525.7,1496.7,1855.5
1525.7,1496.8,1856
1525.8,1496.6,1856.7
1525.8,1496.7,1856.9
1525.8,1496.5,1856.1
1525.9,1496.4,1856.1
1525.9,1496.8,1856.4
1525.9,1494.5,1856.3
1526,1496.9,1857.4
1526,1494.6,1855.6
1526,1494.4,1855.3
1526.1,1494.5,1855.6
1526.1,1494.5,1855.8
1526.1,1489.8,1863
1526.2,1489.7,1863.4
1526.2,1490.1,1863.9
1526.2,1497.6,1856.7
1526.3,1497.5,1857.3
1526.3,1498.1,1858.7
1526.3,1498,1858.5
1526.4,1497.7,1859.9
1526.4,1498.3,1860.4
1526.4,1498.4,1859.2
1526.5,1498.3,1859.2
1526.5,1499.1,1858.3
1526.5,1498.5,1859.6
1526.6,1499.2,1861.2
1526.6,1500.2,1861.2
1526.6,1500.4,1862
1526.7,1501.1,1862.3
1526.7,1496.2,1861.3
1526.7,1496.5,1862.7
1526.8,1500.8,1862.5
1526.8,1500.9,1863.1
1526.8,1503,1865.9
1526.9,1504,1866.9
1526.9,1506.2,1870.4
1526.9,1506.4,1870.8
1527,1507.9,1872
1527,1509.1,1872.1
1527,1513.2,1872.2
1527.1,1506.6,1868.4
1527.1,1510.7,1869.4
1527.1,1526,1871.3
1527.2,1528.1,1868.4
1527.2,1529.3,1869
1527.2,1532.5,1870.3
1527.3,1543.3,1874.5
1527.3,1545.8,1876.7
1527.3,1547.9,1876
1527.4,1556.2,1880.8
1527.4,1559.7,1889.9
1527.4,1547.8,1897.8
1527.5,1547.7,1899.2
1527.5,1553.9,1908.3
1527.5,1556.2,1882.9
1527.6,1557.1,1874.9
1527.6,1563.2,1887.2
1527.6,1573.8,1899
1527.7,1565.4,1880
1527.7,1562.5,1876.3
1527.7,1562.5,1878.6
1527.8,1565.4,1881.9
1527.8,1581.6,1883
1527.8,1581.6,1882.4
1527.9,1584.9,1881.2
1527.9,1585.2,1883.4
1527.9,1587,1885.6
1528,1589.3,1886.6
1528,1591.2,1884.1
1528,1577.4,1886.2
1528.1,1580.6,1889.5
1528.1,1591.3,1883.4
1528.1,1587.9,1878.2
1528.2,1586.6,1877.1
1528.2,1600.4,1876.7
1528.2,1595.1,1878.6
1528.3,1599.9,1885.5
1528.3,1615.9,1881.9
1528.3,1608.9,1883.3
1528.4,1615.8,1884.3
1528.4,1621.7,1887.2
1528.4,1627.5,1889.8
1528.5,1631.8,1891.6
1528.5,1639.7,1892.5
1528.5,1649.4,1890.1
1528.6,1653.5,1889.7
1528.6,1653.8,1893.7
1528.6,1658.7,1895
1528.7,1655.6,1901.2
1528.7,1656.6,1901
1528.7,1657.9,1900.3
1528.8,1659.9,1902.3
1528.8,1663.3,1904.1
1528.8,1668.1,1904
1528.9,1664.8,1903.3
1528.9,1671.6,1902.3
1528.9,1677.2,1903.2
1529,1678.5,1901
1529,1668,1900.7
1529,1678.4,1900.4
1529.1,1695.5,1907.6
1529.1,1694.7,1910.8
1529.1,1700.1,1911.3
1529.2,1703.5,1911.1
1529.2,1703.3,1912.2
1529.2,1705.3,1911.9
1529.3,1706.9,1914
1529.3,1714.9,1914.8
1529.3,1720.7,1915.6
1529.4,1709.3,1920.3
1529.4,1712.1,1920.9
1529.4,1720.1,1921.5
1529.5,1724.1,1919.8
1529.5,1747.9,1912.7
1529.5,1746.8,1914.3
1529.6,1756.7,1917.4
1529.6,1765.4,1921.9
1529.6,1778.3,1924.2
1529.7,1786.1,1928
1529.7,1790.8,1933
1529.7,1793.2,1933
1529.8,1796.5,1927.7
1529.8,1794.2,1930.2
1529.8,1800.8,1929.2
1529.9,1802.3,1932.6
1529.9,1809.9,1938
1529.9,1802.6,1946.5
1530,1802.6,1945.5
1530,1811.7,1943.6
1530,1801,1953.6
1530.1,1801.2,1952.5
1530.1,1814.6,1947.2
1530.1,1812.6,1944.2
1530.2,1810.6,1948.6
1530.2,1787.6,1957.9
1530.2,1810.7,1953.9
1530.3,1794.3,1954.1
1530.3,1825.4,1943.3
1530.3,1827,1946.4
1530.4,1832.7,1945.7
1530.4,1828.3,1939.4
1530.4,1817.3,1941.5
1530.5,1792.6,1944.1
1530.5,1800.2,1944.9
1530.5,1793.5,1986.2
1530.6,1829.4,1942.6
1530.6,1847.1,1950.6
1530.6,1859.1,1954.2
1530.7,1852.4,1956.5
1530.7,1869.4,1963.5
1530.7,1859.7,1964.8
1530.8,1875.3,1980.2
1530.8,1886,1985.3
1530.8,1870.6,1986
1530.9,1882.5,1980.1
1530.9,1890.9,1982.6
1530.9,1898.7,1979.8
1531,1903.2,1984.1
1531,1898.2,2005
1531,1903.5,1990
1531.1,1906.4,1990.6
1531.1,1900.2,2009.2
1531.1,1908.2,1995.9
1531.2,1908.3,2001.4
1531.2,1909.2,2003.1
1531.2,1912.9,2001
1531.3,1906.3,2011.2
1531.3,1908,2012.1
1531.3,1908.3,2012.1
1531.4,1910.2,2013.6
1531.4,1910.6,2013.4
1531.4,1913.7,2016.2
1531.5,1919,2019.9
1531.5,1921.7,2022.3
1531.5,1925.2,2023.3
1531.6,1930.1,2026.2
1531.6,1934.6,2028.2
1531.6,1937.9,2028.2
1531.7,1943.8,2033.8
1531.7,1949.8,2035.1
1531.7,1955,2039.7
1531.8,1960.3,2043
1531.8,1964.5,2047.9
1531.8,1967.4,2046.8
1531.9,1972.5,2050.6
1531.9,1982.1,2055.3
1531.9,1993.5,2060.7
1532,1998.7,2063.8
1532,2019.7,2058.2
1532,2024,2056.4
1532.1,2033.1,2064
1532.1,2032.3,2058.2
1532.1,2032.8,2053.6
1532.2,2050,2060.1
1532.2,2047.9,2055.4
1532.2,2049,2053
1532.3,2048.8,2049.3
1532.3,2051.9,2051.9
1532.3,2053.4,2048.5
1532.4,2060.8,2048.5
1532.4,2067.5,2043.8
1532.4,2071.7,2040
1532.5,2062,2049.1
1532.5,2065,2053.6
1532.5,2070.6,2055.6
1532.6,2069.5,2055.9
1532.6,2077,2056.1
1532.6,2062.4,2062.5
1532.7,2085.9,2060
1532.7,2088.2,2061.3
1532.7,2098.6,2064.3
1532.8,2102.7,2065.8
1532.8,2098.4,2077
1532.8,2101.3,2076
1532.9,2108,2074.6
1532.9,2116.4,2076.1
1532.9,2123,2078.2
1533,2128.4,2079.1
1533,2135.1,2076.2
1533,2144.2,2078.4
1533.1,2153.2,2082
1533.1,2158.5,2085.5
1533.1,2165.6,2090.3
1533.2,2183.1,2082.7
1533.2,2190.5,2085.9
1533.2,2192.3,2086.4
1533.3,2173.6,2095.7
1533.3,2194.2,2085.5
1533.3,2200.5,2089.1
1533.4,2183.1,2103.9
1533.4,2201.6,2087.7
1533.4,2198.8,2093.6
1533.5,2268,2073.8
1533.5,2205.6,2096.5
1533.5,2216.9,2100.5
1533.6,2276.4,2066.8
1533.6,2284,2070
1533.6,2281.8,2069.4
1533.7,2284.2,2067.1
1533.7,2285.2,2066.8
1533.7,2276.3,2071.2
1533.8,2284.4,2071.3
1533.8,2288.4,2075.4
1533.8,2285.7,2080.6
1533.9,2293.4,2086.2
1533.9,2317.7,2083.4
1533.9,2328.8,2082.1
1534,2340.4,2086.2
1534,2351.6,2087.6
1534,2358.3,2089
1534.1,2367.7,2078.7
1534.1,2374.5,2091.5
1534.1,2387.9,2088.8
1534.2,2405.1,2092
1534.2,2409.1,2093
1534.2,2411.9,2091.9
1534.3,2408.9,2099.3
1534.3,2414.6,2098.3
1534.3,2421.3,2103.4
1534.4,2408.1,2106.1
1534.4,2422.4,2100.6
1534.4,2431.6,2101.5
1534.5,2435.8,2103.5
1534.5,2436.6,2101.9
1534.5,2434.1,2109.1
1534.6,2432.6,2095.7
1534.6,2445.2,2113.8
1534.6,2448.3,2113.5
1534.7,2451.4,2113.3
1534.7,2450.1,2113.8
1534.7,2452.2,2115.5
1534.8,2453.1,2115.4
1534.8,2467.7,2123.3
1534.8,2455.2,2140.5
1534.9,2453.5,2143.9
1534.9,2471.5,2140.1
1534.9,2504.6,2135.2
1535,2517.5,2136.5
1535,2523.2,2137.7
1535,2533.6,2140.2
1535.1,2538.8,2144
1535.1,2547.8,2147.6
1535.1,2551.9,2148.3
1535.2,2554.2,2150.3
1535.2,2557.1,2146.4
1535.2,2549.2,2148
1535.3,2552.8,2146.7
1535.3,2559.1,2147
1535.3,2565.2,2149.9
1535.4,2564.8,2145.6
1535.4,2563.5,2151.5
1535.4,2569.1,2155.4
1535.5,2566.9,2157.4
1535.5,2579.1,2163.3
1535.5,2579.8,2162.5
1535.6,2589.1,2167.1
1535.6,2599.5,2166
1535.6,2598.8,2169.9
1535.7,2609.3,2175
1535.7,2616.3,2179.8
1535.7,2631.3,2175
1535.8,2636.7,2186
1535.8,2641.4,2198.9
1535.8,2651.8,2195.7
1535.9,2661,2201.2
1535.9,2671,2205.9
1535.9,2671.8,2206.2
1536,2568.1,2238.2
1536,2594.4,2247.2
1536,2603.7,2251.9
1536.1,2607.9,2250.6
1536.1,2584.4,2269.6
1536.1,2572.1,2262.4
1536.2,2582.7,2274.2
1536.2,2572.6,2265
1536.2,2550.2,2256
1536.3,2568.8,2264
1536.3,2610.4,2260.8
1536.3,2620.4,2260.9
1536.4,2586.3,2277.9
1536.4,2600.8,2275.4
1536.4,2639.3,2264.9
1536.5,2645.5,2265.2
1536.5,2650.9,2263.7
1536.5,2658,2270.3
1536.6,2670.2,2277.1
1536.6,2689.4,2278.8
1536.6,2723.3,2283.7
1536.7,2726.2,2283.8
1536.7,2735,2288
1536.7,2741,2287
1536.8,2843.7,2268
1536.8,2839.5,2273.9
1536.8,2859.7,2273.9
1536.9,2871.4,2276
1536.9,2874.9,2281.9
1536.9,2771.5,2306.6
1537,2773.6,2306
1537,2775.4,2306.2
1537,2777.4,2306
1537.1,2777,2306.3
1537.1,2781,2308.1
1537.1,2778.8,2309.4
1537.2,2780.2,2307
1537.2,2890.1,2286.6
1537.2,2895.9,2289.4
1537.3,2902,2294.2
1537.3,2907.3,2294.2
1537.3,2918.3,2298.8
1537.4,2820.6,2320.6
1537.4,2823.2,2321.2
1537.4,2828.6,2326.2
1537.5,2832.2,2325.2
1537.5,2844.5,2329.7
1537.5,2854.2,2331.2
1537.6,2861.8,2336.5
1537.6,2852.6,2335.5
1537.6,2861.6,2334.7
1537.7,2873.6,2333.8
1537.7,2881,2335.1
1537.7,2894.5,2334
1537.8,2898.4,2323.4
1537.8,2901.8,2323.4
1537.8,2936.5,2335.4
1537.9,2940.2,2333.8
1537.9,2947.3,2334
1537.9,2944.8,2327.7
1538,2946.4,2328.4
1538,2951.2,2327.6
1538,2958.5,2328.9
1538.1,2963.4,2328.3
1538.1,2959.4,2327.2
1538.1,2963,2327.4
1538.2,2964.8,2326.8
1538.2,2968.6,2325.7
1538.2,2976.5,2325.1
1538.3,2979.3,2319.2
1538.3,2988,2318.7
1538.3,2998.4,2317.6
1538.4,3004.4,2316
1538.4,3011.1,2311.2
1538.4,3022.8,2313.9
1538.5,3029.6,2315.4
1538.5,3010.7,2319.9
1538.5,3015.5,2321.6
1538.6,2985,2325.9
1538.6,2987.1,2328.1
1538.6,2992.8,2331.9
1538.7,2998.2,2333.7
1538.7,3075,2318.2
1538.7,3077.7,2320.2
1538.8,3060,2324.7
1538.8,3084,2321.4
1538.8,3064.6,2323.9
1538.9,3088,2319
1538.9,3090.3,2318.6
1538.9,3069,2325.5
1539,3072.5,2327.6
1539,3077.7,2326.8
1539,3082.1,2324
1539.1,3089.5,2325.1
1539.1,3119.2,2319.9
1539.1,3116,2324.5
1539.2,3129.9,2324.5
1539.2,3132.6,2327.8
1539.2,3150.8,2336
1539.3,3127.7,2344
1539.3,3137.8,2332.5
1539.3,3173,2331.3
1539.4,3181.1,2330.1
1539.4,3186.2,2326.7
1539.4,3201.1,2339.3
1539.5,3233.3,2350.7
1539.5,3234.8,2343
1539.5,3228.7,2339
1539.6,3236.8,2328.3
1539.6,3240.1,2327.1
1539.6,3241.3,2328.7
1539.7,3386.9,2318.1
1539.7,3386.2,2317.9
1539.7,3387,2313.9
1539.8,3383.7,2311.9
1539.8,3387,2311
1539.8,3393.6,2311.9
1539.9,3396.8,2310.8
1539.9,3398.5,2313.3
1539.9,3401.8,2318.8
1540,3424.2,2317.3
1540,3426.2,2314
1540,3430.1,2307.8
1540.1,3435.1,2314.1
1540.1,3440.1,2306
1540.1,3458.2,2314.3
1540.2,3467.1,2311.5
1540.2,3464.7,2301.9
1540.2,3469.3,2297.9
1540.3,3476.5,2293.3
1540.3,3497.2,2312.8
1540.3,3501.5,2308.5
1540.4,3507.9,2309.5
1540.4,3512.4,2305.1
1540.4,3521,2308.5
1540.5,3535.3,2314.1
1540.5,3542.4,2316.3
1540.5,3541.4,2315.8
1540.6,3543.6,2319.3
1540.6,3547.9,2320.6
1540.6,3544.3,2318.4
1540.7,3547.5,2321
1540.7,3550.3,2319.7
1540.7,3553.8,2321.7
1540.8,3559.5,2321.5
1540.8,3560,2319.1
1540.8,3561.8,2308.3
1540.9,3565.8,2310.8
1540.9,3566.9,2312
1540.9,3569,2311.8
1541,3568.6,2313
1541,3577.7,2309.3
1541,3570.2,2306.7
1541.1,3581.1,2308.6
1541.1,3589.5,2315.2
1541.1,3604.4,2325.2
1541.2,3613.2,2326.1
1541.2,3620.9,2326.1
1541.2,3637.1,2332.9
1541.3,3651.6,2335
1541.3,3661.5,2336
1541.3,3675.8,2339.3
1541.4,3686.4,2338.8
1541.4,3684.8,2335
1541.4,3691.3,2336
1541.5,3703.5,2342.6
1541.5,3707.8,2343.2
1541.5,3692.3,2356.9
1541.6,3692.6,2355.4
1541.6,3697.9,2358.2
1541.6,3698,2356.5
1541.7,3697.2,2355.3
1541.7,3699.1,2356.1
1541.7,3701,2357.3
1541.8,3706.2,2359
1541.8,3709.9,2361.4
1541.8,3712.2,2359.7
1541.9,3720.7,2360.5
1541.9,3726.8,2368.2
1541.9,3729,2366.6
1542,3744.5,2375.6
1542,3749.7,2372.8
1542,3756.1,2378.1
1542.1,3767.5,2379.3
1542.1,3779.1,2382
1542.1,3788.3,2387.8
1542.2,3794.1,2392.8
1542.2,3810,2393.4
1542.2,3816.6,2397.3
1542.3,3824,2401.1
1542.3,3826.7,2405.2
1542.3,3828.8,2410.3
1542.4,3830.4,2413.8
1542.4,3827.5,2420.2
1542.4,3822.8,2420.1
1542.5,3831.7,2421.3
1542.5,3829.1,2422.2
1542.5,3835.2,2421
1542.6,3849.9,2414.1
1542.6,3852.4,2414.5
1542.6,3854.8,2415.5
1542.7,3858.7,2418.9
1542.7,3860.7,2417.2
1542.7,3866.6,2419.5
1542.8,3866.5,2418.6
1542.8,3872.2,2419.5
1542.8,3880.6,2424.1
1542.9,3886.4,2428.7
1542.9,3895.1,2433.5
1542.9,3900.9,2448.9
1543,3900.4,2453.1
1543,3903.2,2453.9
1543,3910.1,2456.4
1543.1,3923.1,2455.4
1543.1,3940.7,2463.8
1543.1,3952.4,2460.6
1543.2,3960.4,2456
1543.2,3967.2,2454.5
1543.2,3984,2456.4
1543.3,3986.4,2459.4
1543.3,4002.7,2462.1
1543.3,3997.7,2454.9
1543.4,3983.6,2455.7
1543.4,3967.6,2469.9
1543.4,3971.8,2466.8
1543.5,3980.6,2469
1543.5,3978.5,2466.6
1543.5,3977.5,2466.7
1543.6,4042.8,2485.8
1543.6,4012.3,2467
1543.6,4006.1,2463.4
1543.7,4011.3,2463.6
1543.7,4009.2,2460.6
1543.7,4030.9,2473.4
1543.8,4011.9,2468.7
1543.8,4031.7,2471.7
1543.8,4050.1,2466.2
1543.9,4041,2473.7
1543.9,4056,2457
1543.9,4067.9,2455.1
1544,4072.1,2453.5
1544,4100.2,2449
1544,4105.3,2450.4
1544.1,4091.1,2464.8
1544.1,4117.7,2453.8
1544.1,4104.1,2463.9
1544.2,4108.1,2471.8
1544.2,4129.4,2459.8
1544.2,4160.9,2451.9
1544.3,4164.1,2453.5
1544.3,4161.4,2453.2
1544.3,4159.8,2455.9
1544.4,4146.2,2460.5
1544.4,4154.7,2459.8
1544.4,4160.5,2458
1544.5,4156.3,2458.2
1544.5,4164.1,2460.1
1544.5,4163.6,2462.6
1544.6,4164.7,2463.8
1544.6,4169.6,2458.3
1544.6,4162.6,2465
1544.7,4168.6,2469.8
1544.7,4179.8,2471.2
1544.7,4193.3,2473.5
1544.8,4200,2473.6
1544.8,4207.6,2471.5
1544.8,4222.4,2472.1
1544.9,4222.5,2470.2
1544.9,4253.3,2471.6
1544.9,4265.1,2474
1545,4286.8,2490.8
1545,4276.6,2492
1545,4288.3,2494.3
1545.1,4298.4,2494.1
1545.1,4308.1,2493
1545.1,4312.6,2492.3
1545.2,4283.6,2485.7
1545.2,4292.2,2484.8
1545.2,4297.2,2483.1
1545.3,4331.4,2488.4
1545.3,4334.4,2491.5
1545.3,4312.5,2490
1545.4,4345.4,2490.5
1545.4,4320.2,2487.1
1545.4,4317.4,2493.3
1545.5,4341.6,2498.6
1545.5,4347.1,2500.8
1545.5,4346.2,2496.8
1545.6,4357.1,2496.6
1545.6,4351.3,2501.8
1545.6,4354,2499.4
1545.7,4394.5,2494.3
1545.7,4396.3,2493.1
1545.7,4385.1,2507
1545.8,4410,2488.8
1545.8,4466.3,2477.1
1545.8,4429.7,2479
1545.9,4439.7,2480.9
1545.9,4452.4,2479.6
1545.9,4450.8,2482.5
1546,4454.2,2473.6
1546,4456.1,2461.2
1546,4455.3,2469.5
1546.1,4453.3,2473
1546.1,4462,2468.7
1546.1,4464.4,2467.7
1546.2,4464.1,2467.5
1546.2,4472.4,2470.1
1546.2,4473.9,2471.8
1546.3,4475,2470.6
1546.3,4478.4,2466.4
1546.3,4482.7,2462.2
1546.4,4483,2467.9
1546.4,4489.1,2463.3
1546.4,4489.8,2464.8
1546.5,4514.9,2456.8
1546.5,4521.7,2457.9
1546.5,4528.2,2451.3
1546.6,4542.4,2453.5
1546.6,4556.3,2447.1
1546.6,4558,2453.7
1546.7,4558.8,2476.9
1546.7,4571.6,2471.9
1546.7,4575.8,2455
1546.8,4579.3,2471.2
1546.8,4590.7,2462.9
1546.8,4591.7,2464.1
1546.9,4600.1,2464.2
1546.9,4603.5,2464.5
1546.9,4610.3,2466.1
1547,4613.7,2466.5
1547,4617.4,2463.3
1547,4618.4,2462.8
1547.1,4620.7,2460.4
1547.1,4603.3,2463
1547.1,4601.5,2461.9
1547.2,4598.4,2461.5
1547.2,4600.9,2461.3
1547.2,4603.2,2458.4
1547.3,4598.2,2459.3
1547.3,4598.8,2457.3
1547.3,4599.9,2460.1
1547.4,4602.6,2460.2
1547.4,4599.1,2460.1
1547.4,4600.4,2457.8
1547.5,4604.3,2459.3
1547.5,4617.4,2457.3
1547.5,4619.5,2449.3
1547.6,4619,2449.9
1547.6,4624.3,2447.6
1547.6,4608.8,2452.3
1547.7,4615.4,2448.1
1547.7,4617.4,2453.2
1547.7,4622.9,2453.4
1547.8,4630.7,2447.7
1547.8,4630.3,2446.4
1547.8,4637.3,2445.3
1547.9,4647.4,2441.2
1547.9,4646.5,2438.5
1547.9,4661.5,2452.4
1548,4662.1,2441.4
1548,4675.8,2435.3
1548,4692.7,2440.4
1548.1,4731.4,2444.3
1548.1,4723,2451.4
1548.1,4741.1,2443.4
1548.2,4743.5,2449.6
1548.2,4748.3,2458.5
1548.2,4755.2,2461.1
1548.3,4761.1,2450.8
1548.3,4754.6,2457.2
1548.3,4764.2,2451.1
1548.4,4761.1,2453.6
1548.4,4762.8,2447.3
1548.4,4723.1,2469.1
1548.5,4764,2465.9
1548.5,4779.3,2424.4
1548.5,4789.2,2438.7
1548.6,4792.5,2435.2
1548.6,4804.7,2434.8
1548.6,4795.1,2463.7
1548.7,4807.6,2438.9
1548.7,4800.3,2446.1
1548.7,4804.2,2454
1548.8,4793.2,2454.3
1548.8,4836.1,2459.9
1548.8,4846,2462.2
1548.9,4862.1,2456.1
1548.9,4874.2,2451.1
1548.9,4908.8,2438.2
1549,4916.6,2437.9
1549,4907.8,2443.6
1549,4918.1,2443.9
1549.1,4923.5,2441
1549.1,4933.9,2439.6
1549.1,4935.9,2430
1549.2,4946.6,2431.2
1549.2,4946.4,2429.3
1549.2,4943.1,2430.3
1549.3,4946.3,2427.5
1549.3,4950.5,2425.9
1549.3,4956.9,2425.8
1549.4,4947.9,2438.6
1549.4,4938.3,2440.1
1549.4,4962.9,2428.7
1549.5,4972,2428.3
1549.5,4980.8,2428
1549.5,4987.4,2425.2
1549.6,4975.4,2433.7
1549.6,4982.1,2436.7
1549.6,5032.8,2363
1549.7,5040.1,2371.5
1549.7,5028.2,2399
1549.7,5032.1,2400
1549.8,5052.6,2359.8
1549.8,5031.5,2414.3
1549.8,5044.8,2406.6
1549.9,5044.4,2404.5
1549.9,5040.6,2419.3
1549.9,5053.8,2384.5
1550,5058.3,2391.5
1550,5092.7,2323.4
1550,5087.3,2337.2
1550.1,5080.6,2362.6
1550.1,5081.6,2349.7
1550.1,5083.2,2354.3
1550.2,5098.4,2318.3
1550.2,5074,2357.2
1550.2,5071.8,2354.7
1550.3,5080.9,2344.2
1550.3,5075.5,2359
1550.3,5083.5,2342.7
1550.4,5083.4,2348.5
1550.4,5089.7,2346
1550.4,5091.8,2342
1550.5,5099.6,2325.9
1550.5,5104.9,2323.1
1550.5,5117.5,2315.8
1550.6,5119.1,2316.6
1550.6,5169.7,2260.4
1550.6,5167.2,2263.4
1550.7,5184.6,2255.4
1550.7,5193.6,2188
1550.7,5212.8,2206.3
1550.8,5212.6,2215.2
1550.8,5160.6,2269.4
1550.8,5151,2281.8
1550.9,5158,2261.7
1550.9,5171.6,2239.4
1550.9,5167,2240.4
1551,5164.5,2239.5
1551,5168,2242.2
1551,5184,2217.9
1551.1,5177,2220.8
1551.1,5198,2201.3
1551.1,5180.4,2230.9
1551.2,5179.5,2226.4
1551.2,5177.3,2225
1551.2,5188.3,2216
1551.3,5191.8,2208.1
1551.3,5194.2,2204
1551.3,5192.7,2197.5
1551.4,5200.9,2184.8
1551.4,5224.2,2160.3
1551.4,5204.9,2183
1551.5,5196.3,2182
1551.5,5215.5,2175.5
1551.5,5219,2167
1551.6,5229.8,2155.4
1551.6,5335.5,2046.1
1551.6,5232.1,2140
1551.7,5314.9,2060.6
1551.7,5243.5,2121.7
1551.7,5240.8,2116.5
1551.8,5241.7,2107.8
1551.8,5268.3,2073.7
1551.8,5247.2,2111.6
1551.9,5244.2,2106.2
1551.9,5247.7,2103.1
1551.9,5247.3,2101.8
1552,5248.7,2090.8
1552,5247.2,2097
1552,5248.5,2095.4
1552.1,5250.5,2092
1552.1,5246.1,2086.8
1552.1,5246.9,2087.8
1552.2,5247.9,2081.3
1552.2,5247,2083.4
1552.2,5245.5,2086.4
1552.3,5249.3,2082.5
1552.3,5248.8,2076.8
1552.3,5253.6,2070.7
1552.4,5248.1,2069.8
1552.4,5251.2,2068.3
1552.4,5254.1,2068.9
1552.5,5262.4,2050.4
1552.5,5259.7,2051.1
1552.5,5266.1,2047
1552.6,5275.9,2049.9
1552.6,5284.2,2054.1
1552.6,5291.3,2049
1552.7,5294.3,2045.1
1552.7,5297.7,2039.8
1552.7,5302.2,2035.9
1552.8,5303.3,2034.6
1552.8,5303,2034
1552.8,5302.7,2035.8
1552.9,5303.7,2033.9
1552.9,5304,2033.8
1552.9,5303.5,2033.6
1553,5302.7,2032.5
1553,5302,2032.8
1553,5302.4,2033.1
1553.1,5302.3,2032.5
1553.1,5300.6,2033.4
1553.1,5300.9,2033.4
1553.2,5301.8,2033.8
1553.2,5299.2,2035
1553.2,5301.2,2033.7
1553.3,5302.1,2030.8
1553.3,5299.3,2032.4
1553.3,5299.5,2031.1
1553.4,5302.6,2031.2
1553.4,5302.9,2031.8
1553.4,5303.7,2030.9
1553.5,5303.6,2031.2
1553.5,5303.1,2031.4
1553.5,5304.6,2031.8
1553.6,5305.1,2031.5
1553.6,5304.8,2031.3
1553.6,5306.4,2030.8
1553.7,5307.5,2030.7
1553.7,5304.4,2029.4
1553.7,5304.7,2028.2
1553.8,5304,2029.4
1553.8,5303.1,2031.3
1553.8,5303,2030.2
1553.9,5302.7,2030.4
1553.9,5312.8,2029.9
1553.9,5313.9,2030.3
1554,5309.5,2034
1554,5308.3,2033.2
1554,5307.1,2034.5
1554.1,5306.8,2034.7
1554.1,5306.3,2033.5
1554.1,5307,2033.2
1554.2,5306.9,2033.2
1554.2,5306.8,2033.4
1554.2,5306.4,2033
1554.3,5306.8,2033.1
1554.3,5304.9,2032.9
1554.3,5306.8,2032.7
1554.4,5307.7,2032.2
1554.4,5306.8,2033.4
1554.4,5306.8,2033.8
1554.5,5307.1,2034.7
1554.5,5307.3,2034.2
1554.5,5306.8,2034.8
1554.6,5306.7,2035
1554.6,5306.7,2036
1554.6,5306.8,2033.8
1554.7,5306.4,2034.4
1554.7,5306.3,2034.6
1554.7,5306.7,2035
1554.8,5306.7,2034.1
1554.8,5306.6,2035.4
1554.8,5306.3,2034.5
1554.9,5288.4,2029.2
1554.9,5276,2023.2
1554.9,5310.2,2035.1
1555,5310,2034.8
1555,5291.1,2032.3
1555,5296.3,2031.9
1555.1,5300.8,2032.2
1555.1,5303.5,2032.7
1555.1,5302.9,2032.8
1555.2,5300.8,2033.1
1555.2,5300.8,2032.4
1555.2,5263.5,2016.1
1555.3,5224.2,1997.2
1555.3,5234.8,2000.9
1555.3,5297.8,2029.8
1555.4,5278.5,2027.3
1555.4,5281.2,2030.2
1555.4,5276.7,2029.8
1555.5,5291.8,2034.9
1555.5,5294.9,2033.6
1555.5,5300.2,2033
1555.6,5296.3,2034.8
1555.6,5298,2034.4
1555.6,5300,2036.3
1555.7,5301.4,2033.7
1555.7,5301.4,2032.8
1555.7,5300.6,2031.3
1555.8,5300.8,2030.4
1555.8,5302.3,2032.5
1555.8,5302.9,2035.3
1555.9,5301.9,2035.2
1555.9,5302.4,2035.1
1555.9,5299.1,2034.2
1556,5298.9,2033.8
1556,5324.2,2008.8
1556,5288.9,2043.2
1556.1,5304.7,2023.1
1556.1,5331.5,1998
1556.1,5328.9,2007.7
1556.2,5341,2002.1
1556.2,5341.6,1997.8
1556.2,5350.2,1988.6
1556.3,5290.1,2044.3
1556.3,5279.3,2050.1
1556.3,5258.4,2068.1
1556.4,5254.9,2070.9
1556.4,5266.2,2065
1556.4,5294.3,2042.9
1556.5,5295.2,2043.7
1556.5,5294.8,2043.6
1556.5,5295,2044.4
1556.6,5295.5,2043.5
1556.6,5295.5,2044.3
1556.6,5295.9,2044.4
1556.7,5295.7,2043.6
1556.7,5296.5,2044.3
1556.7,5297.1,2044.6
1556.8,5296.1,2044.5
1556.8,5295.7,2043.6
1556.8,5296.6,2043.7
1556.9,5296.3,2043.7
1556.9,5296.7,2043.4
1556.9,5297.5,2042.6
1557,5296.6,2043.8
1557,5297.1,2044.1
1557,5297.8,2044.7
1557.1,5298,2042.5
1557.1,5298.5,2042
1557.1,5297.6,2042.3
1557.2,5296.2,2043.8
1557.2,5294.9,2044.7
1557.2,5295.6,2044.2
1557.3,5295.3,2045.4
1557.3,5296.3,2043.8
1557.3,5296.2,2044.1
1557.4,5303,2048.8
1557.4,5304.3,2046.9
1557.4,5302.4,2048.9
1557.5,5301.5,2048.7
1557.5,5298.1,2043.1
1557.5,5299.1,2042.4
1557.6,5303.9,2046.9
1557.6,5301.1,2050.2
1557.6,5302.5,2055.9
1557.7,5301.8,2058.9
1557.7,5302.1,2064.5
1557.7,5293.2,2073.2
1557.8,5292.8,2075.8
1557.8,5290.2,2081.2
1557.8,5290.8,2080.3
1557.9,5286.2,2078.3
1557.9,5283.5,2081.9
1557.9,5281.2,2074.9
1558,5279.1,2072.3
1558,5280.8,2074.5
1558,5280.1,2077.1
1558.1,5284.2,2077.5
1558.1,5283.5,2074.8
1558.1,5283.8,2074.1
1558.2,5282.9,2074.1
1558.2,5287.8,2082
1558.2,5291.2,2078.2
1558.3,5290,2078.4
1558.3,5283.1,2067.3
1558.3,5287.3,2080.2
1558.4,5281.2,2068.2
1558.4,5279.9,2066.5
1558.4,5280.2,2066.3
1558.5,5284.2,2066.3
1558.5,5280.3,2065.9
1558.5,5284.9,2066.5
1558.6,5280.3,2066.8
1558.6,5279.8,2067
1558.6,5281.1,2069.9
1558.7,5289.2,2079.8
1558.7,5286.1,2064.5
1558.7,5288.4,2064.5
1558.8,5287,2064.8
1558.8,5286.3,2063.4
1558.8,5279.5,2066.8
1558.9,5283,2063.7
1558.9,5283,2063.8
1558.9,5280.8,2066.1
1559,5285.4,2062.8
1559,5280.4,2066.3
1559,5280.1,2067.9
1559.1,5280.4,2066.6
1559.1,5288.8,2079.1
1559.1,5282.5,2076.7
1559.2,5262.4,2080
1559.2,5279,2079.2
1559.2,5263.6,2069.8
1559.3,5261.4,2072.9
1559.3,5275.4,2076.8
1559.3,5275.4,2078.3
1559.4,5283,2083.7
1559.4,5283.6,2083.8
1559.4,5283.4,2085.4
1559.5,5283.6,2085.3
1559.5,5284.1,2085.3
1559.5,5283.1,2085.2
1559.6,5271.2,2074.9
1559.6,5271,2076.1
1559.6,5281.7,2089.6
1559.7,5282.7,2085.5
1559.7,5286.6,2082.5
1559.7,5284.8,2087.1
1559.8,5271.7,2076.3
1559.8,5270,2073.5
1559.8,5288.8,2085.2
1559.9,5289,2080.3
1559.9,5280.2,2067.4
1559.9,5290,2079
1560,5290,2080.7
1560,5284.6,2086
1560,5284.8,2085.7
1560.1,5285.6,2084.8
1560.1,5286.1,2084.3
1560.1,5284.7,2085.5
1560.2,5285.2,2085.1
1560.2,5285.2,2084.9
1560.2,5285.1,2084.6
1560.3,5285.8,2084.7
1560.3,5285.7,2085.9
1560.3,5286,2085.3
1560.4,5287.2,2084
1560.4,5288.5,2083.9
1560.4,5287.8,2083.2
1560.5,5299.4,2096.5
1560.5,5299.6,2096
1560.5,5300.2,2096
1560.6,5299.9,2096.3
1560.6,5300.1,2097.9
1560.6,5299.9,2097.1
1560.7,5299.2,2097
1560.7,5299.3,2097.2
1560.7,5299.2,2096.3
1560.8,5299,2096.5
1560.8,5299,2096.8
1561.2,5299.4,2094.7
1561.2,5299.8,2095.2
1561.2,5299.4,2094.8
1561.3,5299.2,2094.8
1561.3,5299.3,2094.9
1561.3,5299.3,2094.5
1561.4,5299.3,2093.8
1561.4,5299.2,2094
1561.4,5299.1,2094.1
1561.5,5299,2094.2
1561.5,5299.1,2094.3
1561.5,5299.1,2094.3
1561.6,5298.9,2094.3
1561.6,5298.9,2094.8
1561.6,5299,2094.9
1561.7,5299,2094.8
1561.7,5299,2094.8
1561.7,5299,2094.1
1561.8,5299.2,2094.7
1561.8,5299,2094.7
1561.8,5298.7,2094
1561.9,5287.3,2084.9
1561.9,5287,2084.9
1561.9,5286.3,2084.4
1562,5286.5,2084
1562,5287.5,2086.6
1562,5287,2085.5
1562.1,5286.8,2085
1562.1,5286.6,2085.1
1562.1,5286.9,2085.2
1562.2,5275.7,2078.9
1562.2,5275.6,2078.7
1562.2,5275.2,2079.2
1562.3,5275.6,2079
1562.3,5275.3,2077.9
1562.3,5275.2,2077.2
1562.4,5275.3,2077.7
1562.4,5275.4,2077.9
1562.4,5274.3,2078
1562.5,5273.6,2076.7
1562.5,5284.7,2067.1
1562.5,5272.6,2078.1
1562.6,5282.6,2070.4
1562.6,5282.5,2068.8
1562.6,5284.3,2071.7
1562.7,5272.5,2082.5
1562.7,5276.4,2072.5
1562.7,5271.2,2085.5
1562.8,5270.6,2082.3
1562.8,5273,2079.4
1562.8,5278.8,2075.6
1562.9,5279,2073.8
1562.9,5270.2,2081.2
1562.9,5282.2,2083.6
1563,5282,2087
1563,5280.6,2084.4
1563,5274.6,2081.7
1563.1,5279.3,2087.6
1563.1,5277.7,2084.2
1563.1,5277.7,2086.3
1563.2,5279.2,2080.5
1563.2,5278.4,2083.4
1563.2,5269.6,2081.1
1563.3,5269.2,2082.2
1563.3,5267.1,2082.5
1563.3,5265,2084.9
1563.4,5262.5,2086.2
1563.4,5261.2,2087.2
1563.4,5274.5,2082.6
1563.5,5274.3,2084.4
1563.5,5273.2,2084.9
1563.5,5272.3,2082.6
1563.6,5268.5,2086.5
1563.6,5269.4,2082.7
1563.6,5270,2083.9
1563.7,5282.6,2085.1
1563.7,5283.2,2080.7
1563.7,5267.5,2069.5
1563.8,5267.4,2063.1
1563.8,5271.6,2055.2
1563.8,5215.9,2010.7
1563.9,5216.7,2010.2
1563.9,5264.8,2039.5
1563.9,5263.8,2028.6
1564,5210,1995.5
1564,5205.6,1990.7
1564,5202.3,1992
1564.1,5194.2,1986.6
1564.1,5178.7,1969.2
1564.1,5182.4,1976.1
1564.2,5180.2,1977.1
1564.2,5179.8,1973.1
1564.2,5173.5,1971.3
1564.3,5219.9,1995.4
1564.3,5222.2,2001.1
1564.3,5231.6,2014.5
1564.4,5212.3,1991
1564.4,5208.3,1985.8
1564.4,5204.3,1983.4
1564.5,5200.6,1974.2
1564.5,5204.1,1981.8
1564.5,5186.9,1973.9
1564.6,5189.5,1967.7
1564.6,5188.3,1972.4
1564.6,5184.1,1961.9
1564.7,5182.7,1970
1564.7,5181.2,1969.9
1564.7,5181.8,1973.9
1564.8,5181.5,1971
1564.8,5178.8,1965.4
1564.8,5170.9,1953.9
1564.9,5165.2,1943.8
1564.9,5164.8,1945.8
1564.9,5157.4,1942.1
1565,5142.7,1940.3
1565,5134.4,1927.2
1565,5128.6,1925.1
1565.1,5126.1,1922.2
1565.1,5124.4,1910.5
1565.1,5117.4,1905.6
1565.2,5114.4,1897.8
1565.2,5113.4,1892.5
1565.2,5112.1,1892.4
1565.3,5109.4,1895.8
1565.3,5111.8,1889.8
1565.3,5109.3,1886.8
1565.4,5107,1895.7
1565.4,5109.9,1884.6
1565.4,5108.8,1883.5
1565.5,5108.2,1883.9
1565.5,5105.4,1881.7
1565.5,5106.8,1884.1
1565.6,5104.7,1883.7
1565.6,5104.5,1883.2
1565.6,5100.5,1878.6
1565.7,5105.5,1883.9
1565.7,5100.5,1886.4
1565.7,5099,1881.5
1565.8,5097.6,1877.4
1565.8,5092.4,1868.4
1565.8,5051.2,1839.2
1565.9,5049.3,1844.9
1565.9,5042.4,1834.4
1565.9,5038.3,1829
1566,5034.2,1819.6
1566,5020.8,1805.1
1566,5020.2,1800.7
1566.1,5009.6,1792
1566.1,4999,1785.7
1566.1,4998.4,1780
1566.2,4989.4,1777.1
1566.2,4985.1,1777.7
1566.2,4987.2,1777.3
1566.3,4988,1774.8
1566.3,4982.4,1769.5
1566.3,4978.3,1767.4
1566.4,4971.6,1755.1
1566.4,4970.7,1755
1566.4,4970.9,1756.2
1566.5,4963.6,1744.2
1566.5,4967.9,1752.1
1566.5,4958.5,1742.3
1566.6,4953.8,1741.6
1566.6,4952.7,1745.5
1566.6,4949.5,1750.7
1566.7,4949.6,1746.6
1566.7,4952.4,1749.5
1566.7,4946.6,1738.4
1566.8,4944,1733.7
1566.8,4940.5,1728.8
1566.8,4958.6,1747.1
1566.9,4963.7,1741.5
1566.9,4931.4,1717.3
1566.9,4924.4,1709.2
1567,4917.8,1703.6
1567,4908.6,1698.6
1567,4887.3,1688.5
1567.1,4878.9,1680.6
1567.1,4877.2,1678.6
1567.1,4874.2,1690.9
1567.2,4871.3,1680.9
1567.2,4862.1,1677.5
1567.2,4860,1674
1567.3,4860.5,1674.2
1567.3,4859.3,1674.6
1567.3,4856.9,1673.7
1567.4,4855.6,1673.5
1567.4,4855.1,1672.4
1567.4,4853.4,1672.6
1567.5,4857.4,1674.8
1567.5,4856,1674
1567.5,4842.1,1667.5
1567.6,4850.2,1673.8
1567.6,4837.2,1664.4
1567.6,4832.2,1662.2
1567.7,4822.5,1657.2
1567.7,4814.3,1656
1567.7,4810.2,1652.3
1567.8,4809.5,1657.5
1567.8,4797.1,1648.2
1567.8,4794.8,1641.1
1567.9,4788.1,1637.6
1567.9,4779.8,1634.2
1567.9,4776.7,1636.4
1568,4768.7,1632.9
1568,4763.2,1627.9
1568,4750.7,1622.8
1568.1,4742.8,1618.6
1568.1,4741.4,1619.4
1568.1,4740.4,1623.4
1568.2,4737.7,1625.2
1568.2,4731.9,1626.3
1568.2,4731.1,1622
1568.3,4732,1621.3
1568.3,4730.1,1623.9
1568.3,4726.2,1619.7
1568.4,4714.8,1610.3
1568.4,4719.9,1615.4
1568.4,4712.6,1610.1
1568.5,4708.4,1605.3
1568.5,4709.6,1609.5
1568.5,4711.7,1609.5
1568.6,4714.4,1613.7
1568.6,4707.4,1605.5
1568.6,4704.2,1605.7
1568.7,4698.5,1604.2
1568.7,4694.9,1607.6
1568.7,4689.9,1607.8
1568.8,4684.3,1605.9
1568.8,4673.5,1600.9
1568.8,4665.2,1593.1
1568.9,4659.1,1590.1
1568.9,4647.5,1583.6
1568.9,4640.3,1577.9
1569,4630,1574.8
1569,4616.3,1560
1569,4610.1,1553.3
1569.1,4609.6,1553
1569.1,4600.8,1544.3
1569.1,4597.3,1541.7
1569.2,4590.9,1534.2
1569.2,4589.8,1531.3
1569.2,4588,1530.5
1569.3,4583.8,1527.8
1569.3,4583.9,1525.1
1569.3,4585.7,1524.6
1569.4,4585.7,1524.3
1569.4,4586,1524.6
1569.4,4589.6,1525.4
1569.5,4586.7,1524.6
1569.5,4589.6,1523.6
1569.5,4588.3,1521.2
1569.6,4582.6,1516.3
1569.6,4586.5,1517.4
1569.6,4581.2,1520.4
1569.7,4577.2,1516.2
1569.7,4573,1514.3
1569.7,4571.7,1509.1
1569.8,4569.4,1499.1
1569.8,4563,1493.7
1569.8,4555.3,1486.1
1569.9,4547,1476.9
1569.9,4540.5,1466.6
1569.9,4536.9,1457.3
1570,4535.9,1451.4
1570,4529.8,1440.9
1570,4521.4,1432.3
1570.1,4518.6,1426.7
1570.1,4512.6,1418.1
1570.1,4511.2,1412.8
1570.2,4509.8,1411.6
1570.2,4511,1410.6
1570.2,4505.9,1411
1570.3,4510.6,1407.7
1570.3,4508.9,1407
1570.3,4508.6,1408
1570.4,4509,1401.1
1570.4,4510.2,1401.9
1570.4,4506.8,1395.6
1570.5,4505.4,1391.2
1570.5,4505.6,1386.3
1570.5,4505.3,1389.6
1570.6,4500.5,1383.6
1570.6,4497.4,1383.8
1570.6,4492.2,1375.8
1570.7,4485.9,1371.7
1570.7,4486,1370.6
1570.7,4481.7,1360.5
1570.8,4485,1352.2
1570.8,4481.7,1346.4
1570.8,4478.2,1340.3
1570.9,4472.9,1342
1570.9,4473.7,1336.1
1570.9,4471.2,1324
1571,4466,1316.3
1571,4461.2,1311.1
1571,4463.9,1307.6
1571.1,4460.3,1301.8
1571.1,4457.8,1296.4
1571.1,4462.3,1297.7
1571.2,4463.8,1297
1571.2,4465.3,1297.6
1571.2,4464.1,1297.3
1571.3,4463.2,1297.3
1571.3,4464.1,1297.5
1571.3,4462.5,1297.8
1571.4,4462.5,1298.2
1571.4,4462.6,1298.8
1571.4,4462.7,1299.8
1571.5,4463.3,1301.1
1571.5,4463.5,1301.8
1571.5,4464.3,1301.9
1571.6,4463.2,1302.5
1571.6,4463.5,1301
1571.6,4464.2,1301.3
1571.7,4463.1,1300.3
1571.7,4461.9,1300.6
1571.7,4460.4,1301.7
1571.8,4460.9,1302.2
1571.8,4461.1,1303
1571.8,4462.3,1301.6
1571.9,4462.4,1301.6
1571.9,4463.8,1304.2
1571.9,4466,1307.4
1572,4465.5,1305.9
1572,4468.6,1309.8
1572,4469.9,1312.4
1572.1,4468.1,1313.6
1572.1,4471.1,1312.5
1572.1,4469.5,1311.5
1572.2,4472.1,1306.4
1572.2,4468.6,1305.3
1572.2,4477.1,1310.7
1572.3,4470,1311.4
1572.3,4473.2,1307.3
1572.3,4470.7,1305.3
1572.4,4467.7,1303.7
1572.4,4469.6,1306.7
1572.4,4469,1305.8
1572.5,4468.3,1305.7
1572.5,4468,1305.7
1572.5,4469.8,1305.8
1572.6,4469.5,1306.4
1572.6,4469.5,1306.3
1572.6,4468.7,1306.1
1572.7,4466.9,1306.6
1572.7,4471.1,1307.3
1572.7,4472.2,1305
1572.8,4470,1304.5
1572.8,4471.8,1305.8
1572.8,4470.4,1303.6
1572.9,4471.9,1304.7
1572.9,4471.2,1304.6
1572.9,4467.5,1305.1
1573,4470.2,1306
1573,4470,1306.3
1573,4469.1,1306.4
1573.1,4467.7,1306.7
1573.1,4462.3,1303.3
1573.1,4460.6,1301.8
1573.2,4462.2,1306.2
1573.2,4462.3,1305.2
1573.2,4459.1,1305.3
1573.3,4457.6,1306
1573.3,4456.5,1309.1
1573.3,4453.8,1310.2
1573.4,4446.8,1311.5
1573.4,4447.4,1310.5
1573.4,4444.6,1307.5
1573.5,4441.9,1306.8
1573.5,4443.3,1306.5
1573.5,4443.2,1307.4
1573.6,4447.1,1307.7
1573.6,4447.7,1304.2
1573.6,4445.4,1308.6
1573.7,4444.9,1308.1
1573.7,4446.3,1310.1
1573.7,4447,1307.3
1573.8,4447,1308.3
1573.8,4449,1310.5
1573.8,4449.6,1308.9
1573.9,4449,1307.5
1573.9,4446.4,1306.6
1573.9,4440.5,1305.2
1574,4437.6,1301.4
1574,4427.1,1298.5
1574,4426,1291.6
1574.1,4429.1,1292
1574.1,4420.1,1283.9
1574.1,4418.8,1282.8
1574.2,4411.3,1280.3
1574.2,4405.9,1280.7
1574.2,4392.6,1273.8
1574.3,4377.7,1269.4
1574.3,4374.2,1274.2
1574.3,4368.1,1280.5
1574.4,4350.5,1275.1
1574.4,4342.9,1274.4
1574.4,4330.4,1266.8
1574.5,4333.3,1278.3
1574.5,4337,1282.2
1574.5,4332.7,1281
1574.6,4331.4,1280.2
1574.6,4335.8,1282.6
1574.6,4336.2,1281.4
1574.7,4330.9,1281.5
1574.7,4335.9,1282.3
1574.7,4328.5,1273
1574.8,4330,1272.3
1574.8,4332.6,1274.5
1574.8,4330.5,1275.4
1574.9,4335.7,1281.2
1574.9,4339.7,1283.2
1574.9,4341,1284
1575,4330.9,1281.4
1575,4334.7,1283.5
1575,4337,1283.1
1575.1,4326.4,1283
1575.1,4321.1,1284.4
1575.1,4313.4,1282.7
1575.2,4310.1,1282.9
1575.2,4306.1,1283.8
1575.2,4297.5,1279.1
1575.3,4292.3,1284.3
1575.3,4283.8,1284.8
1575.3,4274.4,1279.3
1575.4,4270.2,1279.2
1575.4,4263.2,1280.8
1575.4,4258.8,1283
1575.5,4251.3,1281.2
1575.5,4246,1280.4
1575.5,4229.8,1284.4
1575.6,4227.2,1285.5
1575.6,4226.3,1288.6
1575.6,4224.7,1288.6
1575.7,4222.7,1289.7
1575.7,4222.6,1287
1575.7,4222.4,1287.6
1575.8,4221.8,1288.9
1575.8,4221.9,1290.4
1575.8,4218.4,1289.8
1575.9,4218.4,1290.7
1575.9,4219.2,1293.2
1575.9,4215.2,1293.3
1576,4214,1295.7
1576,4209.2,1289.1
1576,4206.2,1290.8
1576.1,4207.3,1292.3
1576.1,4206,1289.7
1576.1,4206.8,1287
1576.2,4202.8,1286.3
1576.2,4200.4,1288.6
1576.2,4191.3,1287.6
1576.3,4183.4,1286.6
1576.3,4176.1,1288.9
1576.3,4168.6,1292.1
1576.4,4159.9,1294.1
1576.4,4152.6,1295.2
1576.4,4148.4,1305.3
1576.5,4141.2,1301.6
1576.5,4138.1,1304.4
1576.5,4128,1305.1
1576.6,4119.7,1308
1576.6,4112.3,1310.8
1576.6,4114.2,1313.7
1576.7,4108.6,1314
1576.7,4106.9,1316.5
1576.7,4110.6,1320.4
1576.8,4111.5,1322.5
1576.8,4102.1,1323.3
1576.8,4101.8,1324
1576.9,4105.2,1324.6
1576.9,4104,1324.4
1576.9,4108,1324.9
1577,4106.8,1326.2
1577,4106,1326.2
1577,4106.8,1326.9
1577.1,4101.1,1330.2
1577.1,4100.5,1328.9
1577.1,4094.6,1335.8
1577.2,4096.3,1338.2
1577.2,4089.1,1341.8
1577.2,4078.8,1347.9
1577.3,4076.2,1355.8
1577.3,4065.1,1360.6
1577.3,4054.6,1360.7
1577.4,4045.1,1360
1577.4,4033.4,1362
1577.4,4021.4,1364.9
1577.5,4008.4,1364.4
1577.5,4003,1364.5
1577.5,4001.1,1365.4
1577.6,3995.5,1369
1577.6,3988.6,1370.7
1577.6,3980.4,1370
1577.7,3974.7,1370.3
1577.7,3972.7,1374.1
1577.7,3965.6,1377.4
1577.8,3965.2,1375.5
1577.8,3963.7,1375.9
1577.8,3966,1376.1
1577.9,3964.2,1378.6
1577.9,3966.9,1377.6
1577.9,3969.3,1378.9
1578,3966.1,1383.4
1578,3961.5,1375.3
1578,3958.8,1377.1
1578.1,3959.2,1379.9
1578.1,3957.3,1379.3
1578.1,3949.2,1380.5
1578.2,3946.3,1384.5
1578.2,3937,1391.9
1578.2,3923.8,1393.1
1578.3,3915.3,1393.2
1578.3,3905.4,1396.2
1578.3,3899,1401.1
1578.4,3889.7,1413.6
1578.4,3873.5,1409.8
1578.4,3864,1411.9
1578.5,3851.9,1414
1578.5,3843.8,1413.1
1578.5,3827.4,1412.9
1578.6,3819.3,1412.9
1578.6,3813.1,1414.7
1578.6,3814.9,1416.5
1578.7,3821.2,1420.3
1578.7,3818.5,1415.9
1578.7,3816.6,1415.7
1578.8,3802.6,1412.1
1578.8,3799.9,1413.9
1578.8,3797.8,1415
1578.9,3796.4,1413.8
1578.9,3792.7,1416.4
1578.9,3789.4,1418.2
1579,3785.8,1421.7
1579,3781.1,1424.1
1579,3771.8,1420.4
1579.1,3767.5,1416.5
1579.1,3757.6,1423.6
1579.1,3753.5,1425.2
1579.2,3748.5,1431.4
1579.2,3742,1431.3
1579.2,3749.7,1436
1579.3,3742.8,1433.4
1579.3,3733.6,1436.2
1579.3,3703,1429
1579.4,3688.8,1428.6
1579.4,3682.4,1428.4
1579.4,3676.7,1428.3
1579.5,3669.5,1429.1
1579.5,3667.9,1426.5
1579.5,3657.1,1419.5
1579.6,3658.1,1416.5
1579.6,3652.4,1416.3
1579.6,3648.2,1418.9
1579.7,3648.5,1416.1
1579.7,3645.2,1417.2
1579.7,3642.6,1417.7
1579.8,3638.9,1415.8
1579.8,3638.5,1417.7
1579.8,3637.7,1416
1579.9,3645.4,1416.2
1579.9,3647.1,1414.2
1579.9,3644.2,1414.7
1580,3639.7,1412.6
1580,3646.9,1410.3
1580,3644.2,1411.5
1580.1,3641.4,1409.3
1580.1,3638.1,1407.7
1580.1,3630.8,1408.3
1580.2,3617,1406
1580.2,3613,1407.2
1580.2,3616.3,1397.8
1580.3,3613,1394.6
1580.3,3601.8,1393.8
1580.3,3600.3,1393.3
1580.4,3590.7,1392.1
1580.4,3578.6,1391.6
1580.4,3571.3,1385.5
1580.5,3565.7,1384.1
1580.5,3557.7,1386.8
1580.5,3541.4,1382
1580.6,3525.9,1380.3
1580.6,3519.1,1383
1580.6,3514.6,1384.7
1580.7,3508.7,1387
1580.7,3506.1,1386.6
1580.7,3505.3,1387.1
1580.8,3499.3,1386.2
1580.8,3501.2,1384.8
1580.8,3496.2,1380.4
1580.9,3491.1,1380.6
1580.9,3489.2,1380.4
1580.9,3487.1,1380
1581,3482.2,1382.4
1581,3477.1,1381.9
1581,3479.6,1380.6
1581.1,3475.6,1382.9
1581.1,3470.3,1382.6
1581.1,3471.5,1382
1581.2,3467.6,1381.1
1581.2,3468.1,1388.2
1581.2,3465.5,1387.1
1581.3,3467.9,1386.7
1581.3,3462.3,1384.8
1581.3,3459.2,1387.9
1581.4,3445.9,1384.4
1581.4,3436.1,1386.5
1581.4,3420.3,1389.2
1581.5,3401.2,1391.6
1581.5,3396.7,1388.2
1581.5,3381.5,1383.4
1581.6,3381.7,1376.8
1581.6,3371.7,1377.9
1581.6,3370.4,1373
1581.7,3370.8,1372.8
1581.7,3365,1371.6
1581.7,3361.2,1371.6
1581.8,3364.7,1369.3
1581.8,3361,1367.5
1581.8,3355.4,1368.1
1581.9,3354.1,1368.1
1581.9,3359.7,1368
1581.9,3351.8,1368.1
1582,3353.5,1366.8
1582,3357.6,1370.8
1582,3356,1365.9
1582.1,3351.4,1368.5
1582.1,3351.3,1369.2
1582.1,3348.7,1369
1582.2,3338.9,1378.1
1582.2,3334.6,1377.4
1582.2,3326.9,1370
1582.3,3326.9,1363.2
1582.3,3323.6,1359.8
1582.3,3317.8,1356.6
1582.4,3310,1351
1582.4,3297,1353.4
1582.4,3302.1,1344.7
1582.5,3291,1338.3
1582.5,3278.2,1344.8
1582.5,3272.4,1339.6
1582.6,3272.3,1337.9
1582.6,3259.3,1327.9
1582.6,3249.5,1323.3
1582.7,3250.1,1325.6
1582.7,3244.2,1329.2
1582.7,3243.5,1331.3
1582.8,3235.1,1330.3
1582.8,3233.1,1329.4
1582.8,3234.5,1326
1582.9,3236,1325.5
1582.9,3232.1,1323.8
1582.9,3233.3,1320.7
1583,3233.9,1320.7
1583,3234.2,1323
1583,3228.4,1323
1583.1,3232.5,1320.3
1583.1,3233.6,1320.7
1583.1,3227.6,1318.7
1583.2,3222.7,1315.8
1583.2,3225.5,1320.9
1583.2,3222.4,1317.3
1583.3,3227.4,1331.7
1583.3,3230.3,1329.8
1583.3,3220.2,1321.4
1583.4,3220.8,1322.7
1583.4,3216.8,1321.5
1583.4,3216.1,1306.1
1583.5,3201.7,1306.5
1583.5,3220.1,1280.3
1583.5,3211.1,1280.4
1583.6,3189.5,1285.2
1583.6,3172,1291.1
1583.6,3168.4,1286.6
1583.7,3160.6,1284.1
1583.7,3156.5,1278
1583.7,3150.9,1273.1
1583.8,3143.8,1264.9
1583.8,3139.4,1262
1583.8,3134.3,1257.6
1583.9,3122,1255.4
1583.9,3118.5,1249.1
1583.9,3117.2,1248.8
1584,3120.5,1246.9
1584,3114,1241.1
1584,3110.8,1242.9
1584.1,3104.1,1242.6
1584.1,3102.6,1239.3
1584.1,3109.8,1238.2
1584.2,3105.5,1239.3
1584.2,3106.5,1239.1
1584.2,3105.6,1237.3
1584.3,3110.7,1233.6
1584.3,3107.5,1233.3
1584.3,3105.3,1234
1584.4,3103.1,1235.2
1584.4,3106.2,1232.5
1584.4,3107.3,1232.4
1584.5,3103.3,1228.7
1584.5,3103.3,1230
1584.5,3095.9,1223.2
1584.6,3099.5,1215.5
1584.6,3109.5,1215.1
1584.6,3104.2,1225.7
1584.7,3102.1,1221
1584.7,3087.4,1215.5
1584.7,3096.7,1212.8
1584.8,3093.5,1202.5
1584.8,3081.9,1195.9
1584.8,3077.6,1185.7
1584.9,3072.8,1186.2
1584.9,3065.1,1164.7
1584.9,3054.4,1158.5
1585,3049.7,1148.5
1585,3046.9,1150.8
1585,3042.7,1149.8
1585.1,3038.9,1143.7
1585.1,3035.5,1145.8
1585.1,3030.4,1143.4
1585.2,3021.8,1140.9
1585.2,3022,1145.4
1585.2,3018.5,1141.8
1585.3,3021.3,1141.5
1585.3,3016.3,1139.8
1585.3,3019.7,1140.5
1585.4,3018.2,1140.7
1585.4,3019.4,1139.7
1585.4,3021.2,1137.7
1585.5,3023.2,1139.2
1585.5,3021.3,1133
1585.5,3016.1,1134.6
1585.6,3013.7,1127.6
1585.6,3013.9,1119.5
1585.6,3006.4,1118
1585.7,3010.8,1110.3
1585.7,3005.6,1106.4
1585.7,3003.4,1099.5
1585.8,2999.3,1091.8
1585.8,2983.4,1089.4
1585.8,2981.1,1087.9
1585.9,2967.5,1088.7
1585.9,2975.8,1079.3
1585.9,2963.5,1074
1586,2951.4,1065.4
1586,2942.2,1061.3
1586,2942.7,1060.6
1586.1,2938.1,1056.1
1586.1,2936.5,1054.7
1586.1,2936.4,1049.7
1586.2,2933.4,1052.8
1586.2,2933.3,1052.1
1586.2,2931,1052.9
1586.3,2933,1050.6
1586.3,2931,1053.1
1586.3,2927.4,1051.7
1586.4,2927.3,1052.9
1586.4,2923.6,1050.2
1586.4,2928.1,1048.1
1586.5,2934.8,1046
1586.5,2934.1,1046.5
1586.5,2944.2,1048.6
1586.6,2924.3,1059.9
1586.6,2939.8,1061.1
1586.6,2937.2,1058.2
1586.7,2922.7,1062.8
1586.7,2917,1063.7
1586.7,2912.7,1060.3
1586.8,2914.8,1062.4
1586.8,2906.1,1056.8
1586.8,2864.9,1050
1586.9,2817,1045.1
1586.9,2867.8,1034.8
1586.9,2892.4,1028.3
1587,2885.9,1019.4
1587,2858.5,1022.5
1587,2870.1,1016.7
1587.1,2872.2,997.01
1587.1,2857.4,987.47
1587.1,2841.5,993.32
1587.2,2835.1,989.55
1587.2,2833.6,1002.9
1587.2,2828.7,980.61
1587.3,2824.6,989.44
1587.3,2813.9,977.51
1587.3,2814,986.29
1587.4,2810.1,979.72
1587.4,2801,976.56
1587.4,2796.4,976.2
1587.5,2787.6,981.6
1587.5,2789.2,982.63
1587.5,2781,981.55
1587.6,2783.9,982.2
1587.6,2783.8,978.78
1587.6,2791,974.83
1587.7,2788.7,985.37
1587.7,2789.2,993.84
1587.7,2792.4,991.55
1587.8,2778.6,978.01
1587.8,2786,993.45
1587.8,2775.8,983.93
1587.9,2787.1,984.83
1587.9,2783.9,986.55
1587.9,2775.9,984.38
1588,2784.9,986.64
1588,2784.3,986.16
1588,2760.3,974.53
1588.1,2769.1,970.33
1588.1,2749.5,971.12
1588.1,2752.7,971.17
1588.2,2720.3,967.42
1588.2,2734.2,956.1
1588.3,2752.9,939.14
1588.3,2712.6,946.48
1588.3,2729.6,936.72
1588.4,2699,938.99
1588.4,2704.2,938.18
1588.4,2678.6,932.59
1588.5,2676.6,936.37
1588.5,2673.2,932.86
1588.6,2664.4,933.32
1588.6,2685.5,939.36
1588.6,2672.5,935.44
1588.7,2678.2,946.09
1588.7,2688.7,943.1
1588.7,2673.6,939.2
1588.8,2674.8,938.55
1588.8,2680.5,939.13
1588.9,2691.7,941.03
1588.9,2680.6,939.27
1588.9,2700.9,938.69
1589,2682.7,936.3
1589,2679.1,933.51
1589.1,2679.3,934.83
1589.1,2658.2,936.44
1589.1,2660,928.55
1589.2,2658.6,928.98
1589.2,2659.6,932.13
1589.2,2652.8,928.53
1589.3,2647.7,932.61
1589.3,2641.8,921.78
1589.3,2635.7,932.2
1589.4,2634.9,918.43
1589.4,2613.1,920.47
1589.4,2617.2,925.57
1589.5,2644.6,938.6
1589.5,2525.4,902.79
1589.5,2545.2,900.81
1589.6,2540.4,897.18
1589.6,2531,900.1
1589.6,2516.7,900.61
1589.7,2514.9,904.9
1589.7,2504.2,906.38
1589.7,2509,910.36
1589.8,2503.9,911.36
1589.8,2503.2,911.17
1589.8,2503,912.04
1589.9,2505.5,911.18
1589.9,2495,908.43
1589.9,2496.8,916.51
1590,2494.6,913.44
1590,2501.9,916.01
1590,2507.5,919.65
1590.1,2507.9,920.07
1590.1,2508,917.41
1590.1,2509.4,912.5
1590.2,2506.8,910.04
1590.2,2499.7,913.44
1590.2,2493.3,902.72
1590.3,2483.8,900.74
1590.3,2475.1,900.76
1590.3,2458.4,904.91
1590.4,2449.2,903.29
1590.4,2439.7,902.78
1590.4,2438.2,903.75
1590.5,2434.5,905.13
1590.5,2426.5,906.41
1590.5,2420,904.61
1590.6,2416.2,904.29
1590.6,2407.1,906.21
1590.6,2404.8,902.85
1590.7,2410.3,905.12
1590.7,2406.4,900.68
1590.7,2397.8,906.55
1590.8,2393.2,907.16
1590.8,2393.9,908.25
1590.8,2392.6,910.29
1590.9,2391,912.25
1590.9,2382.7,914.72
1590.9,2381.8,915.09
1591,2378.8,911.67
1591,2378.3,911.85
1591,2387.1,912.79
1591.1,2383.3,912.37
1591.1,2389.9,913.02
1591.1,2378.9,917.86
1591.2,2371.3,921.19
1591.2,2360.4,921.88
1591.2,2341.7,927.54
1591.3,2339.6,918.21
1591.3,2340.7,907.98
1591.3,2327.6,913.54
1591.4,2310.1,914.14
1591.4,2296.2,916.89
1591.4,2288.8,922.41
1591.5,2280.2,926.68
1591.5,2265.9,934.54
1591.5,2261.5,933.42
1591.6,2260.1,937.25
1591.6,2254,942.78
1591.6,2249.8,949.28
1591.7,2243.2,946.28
1591.7,2243.7,955.37
1591.7,2239,958.95
1591.8,2234.8,954.14
1591.8,2234.9,953.79
1591.8,2228,958.03
1591.9,2226.9,959.7
1591.9,2223.1,962.08
1591.9,2222,956.94
1592,2219.9,956.76
1592,2221.1,979.51
1592,2220.8,981.78
1592.1,2223.2,977.66
1592.1,2220.2,975.83
1592.1,2213.2,982.6
1592.2,2202.9,959.04
1592.2,2209.2,973.18
1592.2,2208.7,972.14
1592.3,2209.6,971.6
1592.3,2208.6,971.28
1592.3,2192.1,1000.7
1592.4,2169.7,1013.1
1592.4,2163.1,1021.4
1592.4,2158.8,1023.2
1592.5,2142,1025.3
1592.5,2134.3,1026.9
1592.5,2125.8,1032.1
1592.6,2121.1,1037
1592.6,2118.1,1038.5
1592.6,2116,1038.9
1592.7,2111.3,1044.9
1592.7,2107,1048.5
1592.7,2109.4,1047.4
1592.8,2103.3,1059.8
1592.8,2098.2,1062.3
1592.8,2097.5,1062.3
1592.9,2096.1,1062.6
1592.9,2092.7,1064.5
1592.9,2088.4,1066.8
1593,2087.7,1068.2
1593,2083.5,1069
1593,2085.3,1069.2
1593.1,2081.4,1072
1593.1,2076.6,1073.1
1593.1,2069.4,1075.4
1593.2,2068.3,1075.2
1593.2,2069.5,1076.7
1593.2,2062.5,1078.2
1593.3,2053.3,1071.2
1593.3,2046.3,1072.1
1593.3,2032.2,1080.6
1593.4,2027.6,1086.6
1593.4,2016.2,1089.7
1593.4,2013,1093.7
1593.5,2009.5,1097.2
1593.5,1998.9,1101.6
1593.5,1988.3,1105.7
1593.6,1984.6,1110.9
1593.6,1974.2,1115.3
1593.6,1968.6,1119.5
1593.7,1964.5,1118.6
1593.7,1963.5,1119.9
1593.7,1961.8,1122
1593.8,1957.3,1124.9
1593.8,1961.4,1122.8
1593.8,1962.9,1126.5
1593.9,1963.6,1123.5
1593.9,1967.1,1125.7
1593.9,1966.6,1124
1594,1960,1123.5
1594,1957.5,1123
1594,1950.4,1129.3
1594.1,1948.5,1132.7
1594.1,1952.9,1122.8
1594.1,1948.2,1124.9
1594.2,1945,1128.3
1594.2,1937.8,1131.4
1594.2,1931.1,1134.2
1594.3,1926,1139.2
1594.3,1919.8,1144.7
1594.3,1912,1161.3
1594.4,1899.7,1164.9
1594.4,1891.3,1171.1
1594.4,1881.1,1180.5
1594.5,1877.2,1181.4
1594.5,1866.6,1184.8
1594.5,1858.3,1191.8
1594.6,1851.4,1200.3
1594.6,1844.9,1199.7
1594.6,1839.5,1204.5
1594.7,1834.8,1206
1594.7,1832,1207.7
1594.7,1829.2,1206.6
1594.8,1833.3,1204.2
1594.8,1829.2,1207.4
1594.8,1828.1,1208
1594.9,1825.6,1207.9
1594.9,1829.2,1206.4
1594.9,1827.4,1206.4
1595,1824.7,1206.3
1595,1820.7,1211.6
1595,1817.3,1215.6
1595.1,1816.3,1216.9
1595.1,1816.1,1213.5
1595.1,1811.1,1214.7
1595.2,1804.5,1218.7
1595.2,1797.5,1223.5
1595.2,1786.2,1228.4
1595.3,1776,1230.8
1595.3,1765.9,1233.9
1595.3,1759.6,1237.4
1595.4,1752.6,1240.4
1595.4,1744.1,1243.3
1595.4,1739.7,1246.5
1595.5,1731.2,1250
1595.5,1723.3,1251.1
1595.5,1720.8,1252.5
1595.6,1716.9,1254.9
1595.6,1714.2,1257
1595.6,1710.8,1258.1
1595.7,1711.5,1257
1595.7,1706.5,1257.6
1595.7,1707.2,1258.1
1595.8,1707.9,1257.5
1595.8,1701,1258.5
1595.8,1698.2,1259.1
1595.9,1696.9,1257.9
1595.9,1694.7,1257.3
1595.9,1690.9,1258.1
1596,1689.4,1259.1
1596,1686.3,1261.6
1596,1682.9,1262.7
1596.1,1677.4,1260.5
1596.1,1670.8,1263.1
1596.1,1665.1,1265.7
1596.2,1659.5,1272.7
1596.2,1640.5,1282.1
1596.2,1632.9,1277.2
1596.3,1636.5,1285.7
1596.3,1639.5,1282.6
1596.3,1632.6,1289.1
1596.4,1623.1,1295.3
1596.4,1616.7,1297.9
1596.4,1604.7,1303.6
1596.5,1600.3,1308.6
1596.5,1594,1313.3
1596.5,1586.9,1319.1
1596.6,1587.4,1319.7
1596.6,1579.1,1326
1596.6,1578.5,1325.3
1596.7,1576.5,1324.7
1596.7,1575.5,1326.2
1596.7,1573.8,1328.2
1596.8,1571.1,1328.8
1596.8,1572,1327.7
1596.8,1569.7,1329.9
1596.9,1567.6,1331.4
1596.9,1556.7,1328.4
1596.9,1556.6,1324.1
1597,1554.6,1319.7
1597,1549.9,1323.1
1597,1537.9,1330.4
1597.1,1531.1,1346
1597.1,1530.9,1338.3
1597.1,1498.1,1347.5
1597.2,1495.5,1366.6
1597.2,1493.9,1371.8
1597.2,1497.2,1369.6
1597.3,1486.1,1377.3
1597.3,1474.9,1374.3
1597.3,1469.7,1377.8
1597.4,1464,1381
1597.4,1457.4,1383.2
1597.4,1453.5,1384.1
1597.5,1469,1383.2
1597.5,1446.3,1388.4
1597.5,1452.1,1392.6
1597.6,1445.8,1390.4
1597.6,1445.1,1389.7
1597.6,1444.5,1390
1597.7,1437.1,1389.9
1597.7,1439,1390.7
1597.7,1438.2,1391.9
1597.8,1434.3,1390.2
1597.8,1432.9,1392.1
1597.8,1429.1,1396.1
1597.9,1427.3,1395.9
1597.9,1423.8,1396.1
1597.9,1417.7,1399
1598,1415.1,1400.6
1598,1410.5,1407.2
1598,1389.2,1408.2
1598.1,1385.9,1408.2
1598.1,1380.6,1416.5
1598.1,1374.2,1421.1
1598.2,1369,1425.6
1598.2,1360.2,1421.1
1598.2,1346.9,1424.9
1598.3,1344,1433.7
1598.3,1338.7,1434
1598.3,1328.5,1432.9
1598.4,1324.2,1430.5
1598.4,1309.5,1432.2
1598.4,1304.7,1428.6
1598.5,1299.6,1426.2
1598.5,1298.8,1419.7
1598.5,1292.3,1419.2
1598.6,1289.5,1417.4
1598.6,1283.9,1414.6
1598.6,1280.8,1413.7
1598.7,1341.3,1406.3
1598.7,1299.5,1413.9
1598.7,1287.3,1416.9
1598.8,1293.2,1413.9
1598.8,1280.4,1416.5
1598.8,1279.2,1416.1
1598.9,1280.8,1414.7
1598.9,1276.8,1414.4
1598.9,1275.6,1418.2
1599,1273.9,1416.7
1599,1274.2,1413.2
1599,1274.5,1415
1599.1,1272,1414.1
1599.1,1274.5,1413.7
1599.1,1269.8,1414.6
1599.2,1273.6,1412.5
1599.2,1270,1412.8
1599.2,1263,1415.8
1599.3,1266.7,1415
1599.3,1266.4,1420.3
1599.3,1268.8,1424.2
1599.4,1262.9,1415.7
1599.4,1262.2,1420.5
1599.4,1260.3,1416.4
1599.5,1261,1417.4
1599.5,1264.5,1426.2
1599.5,1265.5,1426.6
1599.6,1265.5,1427.2
1599.6,1263.7,1425
1599.6,1263.7,1425.9
1599.7,1261.7,1423.7
1599.7,1261.6,1422.9
1599.7,1265.9,1425
1599.8,1266,1424.4
1599.8,1264.6,1421.7
1599.8,1266.1,1420.6
1599.9,1272.2,1419.7
1599.9,1271.6,1420.6
1599.9,1261.1,1419.6
1600,1261.8,1421.1
1600,1260,1421.7
1600,1261.4,1422.4
1600.1,1262.2,1424.4
1600.1,1261.4,1424
1600.1,1263.3,1424.8
1600.2,1264.3,1424.9
1600.2,1263.1,1421.5
1600.2,1263.7,1422.2
1600.3,1261.4,1425.3
1600.3,1263.1,1423.4
1600.3,1260.7,1425.8
1600.4,1263.5,1425.3
1600.4,1261.9,1425.3
1600.4,1262.2,1426.3
1600.5,1260.3,1426.8
1600.5,1262,1425.6
1600.5,1260.4,1426.4
1600.6,1259.7,1425.4
1600.6,1259.3,1424.5
1600.6,1256.7,1426.2
1600.7,1252.9,1425.3
1600.7,1252.1,1422.5
1600.7,1252,1422.5
1600.8,1252,1418.6
1600.8,1256.9,1410.7
1600.8,1255.1,1410.2
1600.9,1255,1408.3
1600.9,1248.3,1405.7
1600.9,1243.1,1405.2
1601,1231.7,1407.6
1601,1226.6,1403
1601,1222.9,1401
1601.1,1220.4,1409
1601.1,1215.8,1402.4
1601.1,1209.7,1398.3
1601.2,1194.8,1394.6
1601.2,1190.7,1396
1601.2,1184.9,1393.5
1601.3,1174,1389.1
1601.3,1166.8,1390.1
1601.3,1175.3,1383
1601.4,1203.4,1377.1
1601.4,1204.1,1372.5
1601.4,1208.3,1378.2
1601.5,1164.6,1386.2
1601.5,1277.7,1373.6
1601.5,1150.9,1386.5
1601.6,1227.4,1376.3
1601.6,1208.6,1378.5
1601.6,1150.7,1384.9
1601.7,1185.3,1378.7
1601.7,1146.6,1384.1
1601.7,1133.2,1375.7
1601.8,1131.2,1380.9
1601.8,1116.1,1373.2
1601.8,1107.9,1370.5
1601.9,1102.3,1367.6
1601.9,1107.3,1365
1601.9,1097.2,1362.7
1602,1147.3,1357
1602,1113.3,1366.2
1602,1096.5,1369.9
1602.1,1087.4,1368.5
1602.1,1034.5,1366.3
1602.1,1045.3,1373.4
1602.2,1016.4,1362.6
1602.2,1011.4,1364.3
1602.2,1004.6,1361.6
1602.3,1018.3,1364.7
1602.3,1012.9,1367.2
1602.3,1008.5,1363.8
1602.4,1008.9,1360.8
1602.4,1007.5,1360.6
1602.4,1006.5,1361.7
1602.5,1002.3,1359
1602.5,998.79,1358
1602.5,990.27,1359.9
1602.6,991.19,1353.4
1602.6,983.12,1348.1
1602.6,970.72,1348.1
1602.7,971.08,1346.5
1602.7,974.97,1352.5
1602.7,960.16,1347.9
1602.8,954.18,1351.3
1602.8,947.4,1350.4
1602.8,939.88,1347
1602.9,924.98,1344.8
1602.9,925.46,1344.2
1602.9,911.48,1328.6
1603,902.02,1330.4
1603,874.36,1324.2
1603,867.35,1322.4
1603.1,885.42,1328.8
1603.1,880.2,1328.5
1603.1,884.18,1339.2
1603.2,878.12,1330.4
1603.2,870.86,1321.8
1603.2,867.4,1317.5
1603.3,867.16,1314.2
1603.3,861.2,1309.7
1603.3,861.04,1308.3
1603.4,858.34,1309.6
1603.4,858.64,1309.5
1603.4,867.05,1317.1
1603.5,861.14,1304.1
1603.5,840.86,1294.3
1603.5,838.02,1291.5
1603.6,833.79,1287.9
1603.6,823.09,1285.8
1603.6,824.58,1299.9
1603.7,820.24,1285.2
1603.7,800.62,1276
1603.7,794.01,1274.5
1603.8,779.8,1256.2
1603.8,766.49,1246.9
1603.8,756.82,1244.9
1603.9,751.06,1238.3
1603.9,742.68,1238.4
1603.9,736.68,1235.9
1604,733.51,1235.5
1604,729.3,1233.8
1604,725.97,1236.2
1604.1,724.34,1228.3
1604.1,725.38,1227.8
1604.1,722.09,1231.1
1604.2,716.71,1224.4
1604.2,717.23,1215
1604.2,704.47,1211.1
1604.3,701.81,1206.6
1604.3,705.22,1234.3
1604.3,705.82,1215
1604.4,703.1,1212
1604.4,694.21,1206.2
1604.4,677.01,1208
1604.5,678.77,1196.9
1604.5,712.59,1209
1604.5,686.48,1209.2
1604.6,681.03,1203.3
1604.6,666.98,1193.2
1604.6,635.42,1184.1
1604.7,630.14,1128.6
1604.7,619.31,1135.8
1604.7,607.73,1151.8
1604.8,616.01,1160.9
1604.8,616.4,1147.9
1604.8,619.05,1165.6
1604.9,610.29,1167
1604.9,598.27,1175.6
1604.9,599.47,1162.1
1605,584.02,1151.6
1605,578.8,1159
1605,575.48,1114.5
1605.1,575.15,1108.2
1605.1,554.8,1112.7
1605.1,587.76,1117.1
1605.2,627.01,1108.5
1605.2,618.7,1074.2
1605.2,607.29,1057.7
1605.3,602.96,1076.8
1605.3,576.75,1173.8
1605.3,553.27,1114
1605.4,528.08,1062
1605.4,521.43,1065.8
1605.5,495.48,1096.8
1605.5,488.94,1091.7
1605.5,449.51,1152.1
1605.6,476.1,1117.9
1605.6,451.94,1103.8
1605.6,442.78,1106.5
1605.7,417.07,1170.2
1605.7,472.74,1145.6
1605.7,433.14,1159.1
1605.8,400.89,1177.9
1605.8,387.25,1196
1605.8,393.08,1173.3
1605.9,390.28,1168.7
1605.9,354.97,1178.5
1605.9,375.73,1143.3
1606,347.66,1158.7
1606,338.24,1162.5
1606,344.85,1141.9
1606.1,325.96,1156.6
1606.1,316.33,1158.2
1606.1,321.14,1153.7
1606.2,280.64,1183.6
1606.2,277.96,1167
1606.2,250.58,1189.7
1606.3,266.47,1148.5
1606.3,191.05,1225.7
1606.4,247.82,1135.6
1606.4,191.8,1190.7
1606.5,182.99,1195.7
1606.5,226.22,1153.4
1606.5,226.5,1151.3
1606.6,210.83,1149.7
1606.6,213.08,1137.6
1606.6,177.4,1150.6
1606.7,182.32,1145.7
1606.7,180.11,1151.7
1606.7,158.51,1151.9
1606.8,170.29,1137.5
1606.8,137.57,1148.8
1606.8,151.3,1140.7
1606.9,115.18,1154
1606.9,53.459,1204.6
1606.9,64.358,1200.5
1607,82.789,1161.7
1607,58.665,1182.3
1607.1,56.638,1185.9
1607.1,83.415,1150.5
1607.1,-10.994,1233.7
1607.2,-5.0219,1218.3
1607.2,71.408,1150.7
1607.2,112.85,1127.6
1607.3,98.163,1132.1
1607.3,101.63,1118
1607.3,68.379,1144.8
1607.4,82.432,1126.6
1607.4,44.064,1157.5
1607.5,-38.212,1118.5
1607.6,-37.715,1112.7
1607.6,-40.271,1115.9
1607.6,-46.533,1109.5
1607.7,-67.092,1099.1
1607.7,-98.087,1106.5
1607.7,-114.14,1106.7
1607.8,-124.24,1123.6
1607.8,-52.121,972.33
1607.9,-90.892,969.3
1607.9,-81.379,960.18
1607.9,-91.993,996.69
1608,-113.18,1028.8
1608,-169.55,1139.9
1608,-160.62,1105.4
1608.1,-244.94,1169.2
1608.2,-400.22,1189.9
1608.2,-412.19,1194.9
1608.3,-337.41,1160
1608.3,-350.34,1137.3
1608.3,-322.08,1115.7
1608.4,-369.33,1141.3
1608.4,-407.41,1147.1
1608.4,-512.19,1209.7
1608.5,-457.86,1183.8
1608.5,-332.81,1132.1
1608.5,-258.15,1103.8
1608.6,-245.62,1078.8
1608.6,-238.64,1078.3
1608.6,-258.15,1096.6
1608.7,-260.79,1091.6
1608.7,-486.36,1209.2
1608.7,-538.06,1216.3
1608.8,-567.01,1273.1
1608.8,-556.35,1251.5
1608.8,-470.48,1193.8
1608.9,-473.58,1174.2
1608.9,-361.87,1139.3
1608.9,-433.55,1165.7
1609,-420.62,1138.2
1609.1,-443.92,1149.9
1609.1,-450.22,1153.1
1609.1,-459.99,1140.9
1609.2,-469.42,1144.8
1609.2,-477.7,1145.6
1609.2,-471.77,1145.5
1609.3,-481.1,1150.8
1609.3,-475.23,1150.1
1609.3,-472.91,1149.2
1609.4,-480.9,1151
1609.4,-495.25,1162.7
1609.4,-499.37,1167.4
1609.5,-505.68,1159.6
1609.5,-518.84,1157.2
1609.5,-527.77,1165.6
1609.6,-534.92,1164.8
1609.6,-534.4,1167
1609.6,-543,1168.8
1609.8,-565.35,1167.5
1609.8,-583.29,1161.7
